"key","player","teams","categories","present","timeIn","withdrawn","TShirt Size"
"abel tan","Abel Tan","A","","TRUE","2026-10-10 08:30","FALSE","S"
"aldo ramos","Aldo Ramos","A","","FALSE","","FALSE","M"
"arvin lopez","Arvin Lopez","A","","FALSE","","FALSE","L"
"alma reyes","Alma Reyes","A","","FALSE","","FALSE","XL"
"ana cruz","Ana Cruz","A","","FALSE","","FALSE","S"
"aya diaz","Aya Diaz","A","","FALSE","","FALSE","M"
"ben uy","Ben Uy","B","","FALSE","","FALSE","L"
"bong lim","Bong Lim","B","","FALSE","","FALSE","XL"
"bryan co","Bryan Co","B","","FALSE","","FALSE","S"
"bea cruz","Bea Cruz","B","","FALSE","","FALSE","M"
"bela ong","Bela Ong","B","","FALSE","","FALSE","L"
"bing sy","Bing Sy","B","","FALSE","","FALSE","XL"
"carlo yap","Carlo Yap","C","","FALSE","","FALSE","S"
"cesar go","Cesar Go","C","","FALSE","","FALSE","M"
"chris dy","Chris Dy","C","","FALSE","","FALSE","L"
"cathy lee","Cathy Lee","C","","FALSE","","FALSE","XL"
"cora ang","Cora Ang","C","","FALSE","","FALSE","S"
"cleo gan","Cleo Gan","C","","FALSE","","FALSE","M"
"dan rivera","Dan Rivera","D","","FALSE","","FALSE","L"
"dino chua","Dino Chua","D","","FALSE","","FALSE","XL"
"dante ko","Dante Ko","D","","FALSE","","FALSE","S"
"dina lao","Dina Lao","D","","FALSE","","FALSE","M"
"dolly tiu","Dolly Tiu","D","","FALSE","","FALSE","L"
"daisy soh","Daisy Soh","D","","FALSE","","FALSE","XL"
"eddie villar","Eddie Villar","E","","TRUE","2026-10-10 08:30","FALSE","S"
"enzo pua","Enzo Pua","E","","FALSE","","FALSE","M"
"eric sia","Eric Sia","E","","FALSE","","FALSE","L"
"ella tan","Ella Tan","E","","FALSE","","FALSE","XL"
"emma ty","Emma Ty","E","","FALSE","","FALSE","S"
"erin ho","Erin Ho","E","","FALSE","","FALSE","M"
"felix ong","Felix Ong","F","","FALSE","","FALSE","L"
"floyd lu","Floyd Lu","F","","FALSE","","FALSE","XL"
"fred go","Fred Go","F","","FALSE","","FALSE","S"
"faye cua","Faye Cua","F","","FALSE","","FALSE","M"
"fiona ng","Fiona Ng","F","","FALSE","","FALSE","L"
"fely ang","Fely Ang","F","","FALSE","","FALSE","XL"
"gabe tan","Gabe Tan","G","","FALSE","","FALSE","S"
"gary lim","Gary Lim","G","","FALSE","","FALSE","M"
"glen yu","Glen Yu","G","","FALSE","","FALSE","L"
"gina dee","Gina Dee","G","","FALSE","","FALSE","XL"
"gwen ko","Gwen Ko","G","","FALSE","","FALSE","S"
"grace uy","Grace Uy","G","","FALSE","","FALSE","M"
"hans ruiz","Hans Ruiz","H","","FALSE","","FALSE","L"
"hugo sy","Hugo Sy","H","","FALSE","","FALSE","XL"
"harry co","Harry Co","H","","FALSE","","FALSE","S"
"hazel lim","Hazel Lim","H","","FALSE","","FALSE","M"
"hana go","Hana Go","H","","FALSE","","FALSE","L"
"holly tan","Holly Tan","H","","FALSE","","FALSE","XL"
